id,name,price,description,badge,category,brand,image
1,BUENO CHOCO,$0.70,KINDER BUENO CHOCO 39G*30,HOT SALE,Snacks,Kinder,image0244.jpg
2,BUENO WHITE,$0.70,KINDER BUENO WHITE 39G*30,,Candies,Kinder,image0245.jpg
3,4FINGER,$0.90,KINDER 4FINGER 50G*20,HOT SALE,Candies,Kinder,image0246.jpg
4,DELICE PCK OF 10,$5.75,KINDER DELICE PCK OF 10,,Drinks,Kinder,image0247.jpg
5,TRIS 5PACK,$4.75 ,KINDER TRIS 5PACK,,Candies,Kinder,image0248.jpg
6,CARDS*5,$2.99 ,KINDER CARDS*5,,Candies,Kinder,image0249.jpg
7,HAPPY HIPPO CHOCO,$0.56 ,KINDER HAPPY HIPPO CHOCO 20.7G*28,,Candies,Kinder,image0250.jpg
8,HAPPY HIPPO HAZELNUT,$0.56 ,KINDER HAPPY HIPPO HAZELNUT 20.7G*28,-10% OFF,Drinks,Kinder,image0251.jpg
9,JOY TWEETY,$0.83 ,KINDER JOY TWEETY,,Candies,Kinder,image0252.jpg
10,JOY SPIDERMAN,$0.83 ,KINDER JOY SPIDERMAN,,Candies,Kinder,image0253.jpg
11,JOY BOY & GIRL,$0.83 ,KINDER JOY BOY & GIRL,,Drinks,Kinder,image0254.jpg
12,CREAMY MILKY,$0.38 ,KINDER CREAMY MILKY 19G*24 PROMO,,Candies,Kinder,image0255.jpg
13,BUENO MINI BAG,$2.99 ,KINDER BUENO MINI BAG 108G*16,,Candies,Kinder,image0256.jpg
14,BISCUIT,$0.75 ,NUTELLA BISCUIT 41.4G,,Candies,Nutella,image0257.jpg
15,& GO!,$1.45 ,NUTELLA & GO! 52G*12,,Snacks,Nutella,image0258.jpg
16,MINI JAR,$0.80 ,NUTELLA MINI JAR 25G*64,HOT SALE,Chocolates,Nutella,image0259.jpg
17,JAR,$6.25 ,NUTELLA JAR 630G*6,,Snacks,Nutella,image0260.jpg
18,DUO VANILLA,$3.15 ,GULLON DUO VANILLA 500G,,Snacks,Gullon,image0190.jpg
19,CHOCO CACAO,$3.15 ,GULLON CHOCO CACAO 500G,HOT SALE,Drinks,Gullon,image0191.jpg
20,CHOCO,$3.15 ,GULLON CHOCO 500G,-10% OFF,Drinks,Gullon,image0192.jpg
21,CHOCO,$1.00 ,GULLON CHOCO 145G,,Drinks,Gullon,image0193.jpg
22,TOBLERONE,$0.75 ,TOBLERONE 35G,,Drinks,Toblerone,image0194.jpg
23,MINIS CHOCO,$2.99 ,SNICKERS MINIS CHOCO 227G*24,,Chocolates,Snickers,image0195.jpg
24,BAG,$6.75 ,MINIS BAG 500G*24,,Drinks,Minis,image0196.jpg
25,CRUNCHIE 4PK BAR,$2.65 ,CAD CRUNCHIE 4PK BAR 32G,,Chocolates,CADBURY,image0197.jpg
26,BOOST 4BARS,$2.65 ,CAD BOOST 4BARS 37G,,Candies,CADBURY,image0198.jpg
27,DOUBLE DECKER 4BARS,$2.65 ,CAD DOUBLE DECKER 4BARS 37.3G,,Snacks,CADBURY,image0199.jpg
28,ROLO 4TUBES,$3.50 ,NESTLE ROLO 4TUBES 41.6G,,Drinks,Nestle,image0200.jpg
29,BITES WISPA,$2.90 ,CAD BITES WISPA 100G,,Snacks,CADBURY,image0201.jpg
30,PEANUT BAG,$0.68 ,M&M'S PEANUT BAG 45G,,Drinks,M&M'S,image0202.jpg
31,CHOCOLATE BAG,$0.68 ,M&M'S CHOCOLATE BAG 45G,,Chocolates,M&M'S,image0203.jpg
32,CRISPY,$0.68 ,M&M CRISPY 36G*24,,Candies,M&M'S,image0204.jpg
33,CHOCO BROWNIE 6PCK,$3.00 ,MILKA CHOCO BROWNIE 6PCK 150G,,Candies,Milka,image0205.jpg
34,CHOCO MINI COOKIES,$3.00 ,MILKA CHOCO MINI COOKIES 110G*8,,Snacks,Milka,image0206.jpg
35,CHOCO CRÈME,$2.35 ,MILKA CHOCO CRÈME 260G*18,,Drinks,Milka,image0207.jpg
36,CHOCO STICK,$1.65 ,MILKA CHOCO STICK 112G*20,HOT SALE,Snacks,Milka,image0208.jpg
37,CHOCO BISCUITS,$2.50 ,MILKA CHOCO BISCUITS 175G*12,,Candies,Milka,image0209.jpg
38,CHOC & CHO,$2.50 ,MILKA CHOC & CHO 175G*12,,Chocolates,Milka,image0210.jpg
39,SENSATION OREO,$2.25 ,MILKA SENSATION OREO 156G*12,HOT SALE,Candies,Milka,image0211.jpg
40,SENSATION CHOCO,$2.25 ,MILKA SENSATION CHOCO 156G*12,,Chocolates,Milka,image0212.jpg
41,SENSATION COOKIE OREO,$1.10 ,MILKA SENSATION COOKIE OREO 52G*24,,Drinks,Milka,image0213.jpg
42,CHOCO WAFER*30,$0.50 ,MILKA CHOCO WAFER*30,,Candies,Milka,image0214.jpg
43,CHOCO OREO BAR,$0.59 ,MILKA CHOCO OREO BAR 37G*36,HOT SALE,Drinks,Milka,image0215.jpg
44,LEO 4FINGER WHITE,$0.80 ,MILKA LEO 4FINGER WHITE 33.3G*24,,Drinks,Milka,image0216.jpg
45,LEO 4FINGER CHOCO,$0.66 ,MILKA LEO 4FINGER CHOCO 33.3G*25,,Candies,Milka,image0217.jpg
46,LEO GO,$0.88 ,MILKA LEO GO 48G*32,,Chocolates,Milka,image0218.jpg
47,DARK 4 FINGER,$0.75 ,KITKAT DARK 4 FINGER 41.5G,,Drinks,Kitkat,image0219.jpg
48,HAZELNUT41.,$0.75 ,KITKAT HAZELNUT41.5G*24,,Chocolates,Kitkat,image0220.jpg
49,CHUNKY DUO MILK CHOCO,$0.55 ,NEW*KITKAT CHUNKY DUO MILK CHOCO 38G,,Chocolates,Kitkat,image0221.jpg
50,,$1.15 ,MALTESERS 35G*24,-10% OFF,Drinks,Maltesers,image0222.jpg
51,BLACK & WHITE,$0.55 ,LION BLACK & WHITE 42G,HOT SALE,Drinks,Lion,image0223.jpg
52,DUO CHOCO 2PK,$0.85 ,LION DUO CHOCO 2PK 30G*28,,Candies,Lion,image0224.jpg
53,BROWNIE CHOCO,$0.90 ,SNICKERS BROWNIE CHOCO 45G,,Drinks,Snickers,image0225.jpg
54,TOP CHOCO,$0.60 ,TWIX TOP CHOCO 21G*20,,Snacks,Twix,image0226.jpg
55,CHOCO HAZELNUT,$1.30 ,TWIX CHOCO HAZELNUT 46G,,Candies,Twix,image0227.jpg
56,CHOCO,$0.60 ,TWIX CHOCO 50G*25,HOT SALE,Drinks,Twix,image0228.jpg
57,BUNNIES,$2.50 ,REESE'S BUNNIES 70G,,Snacks,Reese'S,image0229.jpg
58,OREO CHOCO CUPS,$2.75 ,NEW*REESE'S OREO CHOCO CUPS 39G*24,,Candies,Reese'S,image0230.jpg
59,CHOCO PRINCE,$0.33 ,LU CHOCO PRINCE 28.5G,,Chocolates,Lu,image0231.jpg
60,CHOCO BURGER,$0.50 ,OZMO CHOCO BURGER 40G,-10% OFF,Chocolates,Ozmo,image0232.jpg
61,ALBENI CHOCO,$0.35 ,ULKER ALBENI CHOCO 40G*24,HOT SALE,Drinks,Ulker,image0233.jpg
62,CENT WAFER,$0.75 ,LU CENT WAFER 45G,,Candies,Lu,image0234.jpg
63,GARDENIA HAZELNUT 5PK,$3.75 ,LOACKER GARDENIA HAZELNUT 38G 5PK,HOT SALE,Candies,Loacker,image0235.jpg
64,BLACK & WHITE CHOCO WAFER,$0.45 ,KNOPPERS BLACK & WHITE CHOCO WAFER 25G*24,-10% OFF,Drinks,Knoppers,image0236.jpg
65,MINI CUP,$2.00 ,OREO MINI CUP 115G*8,,Snacks,Oreo,image0237.jpg
66,ENROBED CHOCO,$0.85 ,OREO ENROBED CHOCO 41G*24,,Drinks,Oreo,image0238.jpg
67,7 DAYS BAKE ROLLS SOUR CREAM & ONION*12,$1.25 ,7 DAYS BAKE ROLLS SOUR CREAM & ONION*12,,Candies,7 DAYS,image0106.jpg
68,7 DAYS BAKE ROLLS SALT*12,$1.25 ,7 DAYS BAKE ROLLS SALT*12,,Snacks,7 DAYS,image0107.jpg
69,7 DAYS BAKE ROLLS PIZZA*12,$1.25 ,7 DAYS BAKE ROLLS PIZZA*12,,Candies,7 DAYS,image0108.jpg
70,7 DAYS SWISS ROLL CHOCO,$2.25 ,7 DAYS SWISS ROLL CHOCO,HOT SALE,Candies,7 DAYS,image0109.jpg
71,7 DAYS SWISS ROLL STRAWBERRY,$2.25 ,7 DAYS SWISS ROLL STRAWBERRY,,Chocolates,7 DAYS,image0110.jpg
72,7 DAYS SWISS ROLL CHOCO MILK,$2.25 ,7 DAYS SWISS ROLL CHOCO MILK,,Drinks,7 DAYS,image0111.jpg
73,7 DAYS SWISS ROLL COCOA,$2.25 ,7 DAYS SWISS ROLL COCOA,,Snacks,7 DAYS,image0112.jpg
74,CHOCO CROISSANT,$0.45 ,7DAYS CHOCO CROISSANT 55G*24,-10% OFF,Snacks,7Days,image0261.jpg
75,PANDA CHOCO COOKIE42G*10,$0.99 ,HELLO PANDA CHOCO COOKIE42G*10,,Candies,Hello,image0239.jpg
76,PANDA DOUBLE CHOCO,$0.99 ,HELLO PANDA DOUBLE CHOCO 42G*10,,Snacks,Hello,image0240.jpg
77,PANDA STRAWBERRY,$0.99 ,HELLO PANDA STRAWBERRY 42G*10,,Drinks,Hello,image0241.jpg
78,PANDA CARAMEL 42.G*10,$0.99 ,HELLO PANDA CARAMEL 42.G*10,,Candies,Hello,image0242.jpg
79,PANDA CREAM &COOKIES,$0.99 ,HELLO PANDA CREAM &COOKIES 42G*10,,Chocolates,Hello,image0243.jpg
80,AFINE,$3.00 ,REDBULL AFINE 250ML*12,,Drinks,Red Bull,image0004.jpg
81,WILD BERRY SUGAR FREE,$3.00 ,REDBULL WILD BERRY 250ML*12 SUGAR FREE,,Snacks,Red Bull,image0005.jpg
82,WATERMELON,$3.00 ,REDBULL WATERMELON 250ML,,Chocolates,Red Bull,image0006.jpg
83,MILLIONS STRAWBERRY,$1.99 ,C4 MILLIONS STRAWBERRY 500ML*12 PROMO,,Candies,C4,image0007.jpg
84,ULTRA WHITE DRINK SUGAR FREE,$2.10 ,MONSTER ULTRA WHITE DRINK 500ML SUGAR FREE,,Drinks,Monster,image0008.jpg
85,ENERGY DRINK GREEN,$2.10 ,MONSTER ENERGY DRINK GREEN 500ML,,Snacks,Monster,image0009.jpg
86,LIMONADA ENERGY DRINK,$2.10 ,MONSTER LIMONADA ENERGY DRINK 500ML*24,,Chocolates,Monster,image0010.jpg
87,PIEPLINE PUNCH,$2.10 ,MONSTER PIEPLINE PUNCH 500ML,HOT SALE,Drinks,Monster,image0011.jpg
88,"ULTRA PARADISE S,FREE",$2.35 ,"MONSTER ULTRA PARADISE 500ML*12 S,FREE",,Snacks,Monster,image0012.jpg
89,ULTRA PEACHY KEEN SUGAR FREE,$2.35 ,MONSTER ULTRA PEACHY KEEN 500ML*12 SUGAR FREE,,Candies,Monster,image0013.jpg
90,LANDO NORRIS ENERGY DRINK SUGAR FREE,$2.35 ,NEW*MONSTER LANDO NORRIS ENERGY DRINK 500ML*12 SUGAR FREE,-10% OFF,Snacks,Monster,image0014.jpg
91,FULL THROTTLE ENEGRY DRINK SUGAR FREE,$2.35 ,MONSTER FULL THROTTLE ENEGRY DRINK 500ML*12 SUGAR FREE,,Snacks,Monster,image0015.jpg
92,ABSOLUTE ENERGY DRINK SUGAR FREE,$2.35 ,MONSTER ABSOLUTE ENERGY DRINK 500ML SUGAR FREE,,Candies,Monster,image0016.jpg
93,ULTRA GOLD PINEAPPLE ENERGY DRINK SUGAR FREE,$2.35 ,MONSTER ULTRA GOLD PINEAPPLE ENERGY DRINK 500ML*12 SUGAR FREE,,Snacks,Monster,image0017.jpg
94,MONARCH ENERGY N JUICE DRINK,$2.35 ,MONSTER MONARCH ENERGY N JUICE DRINK 500ML,,Candies,Monster,image0018.jpg
95,RIO,$2.35 ,MONSTER RIO 500ML,,Chocolates,Monster,image0019.jpg
96,JUICE MANGO LOGO DRINK,$2.35 ,MONSTER JUICE MANGO LOGO DRINK 500ML*24,,Candies,Monster,image0020.jpg
97,THE DOCTOR,$2.35 ,MONSTER THE DOCTOR 500ML*12,,Chocolates,Monster,image0021.jpg
98,ENERGY DRINK JUICED KHAOTIC,$2.35 ,MONSTER ENERGY DRINK JUICED KHAOTIC 500ML*12,,Drinks,Monster,image0022.jpg
99,PACIFIC PUNCH,$2.35 ,MONSTER PACIFIC PUNCH 500ML*12,,Chocolates,Monster,image0023.jpg
100,"ULTRA FIESTA MANGO S,FREE",$2.85 ,MONSTER ULTRA FIESTA MANGO 500ML*12 SUGAR FREE,-10% OFF,Drinks,Monster,image0024.jpg
101,ULTRA STRAWBERRY DREAMS S.FREE,$2.85 ,MONSTER ULTRA STRAWBERRY DREAMS 500ML*12 SUGAR FREE,,Drinks,Monster,image0025.jpg
102,PUNCH MIXXD,$2.85 ,MONSTER PUNCH MIXXD 500ML*12,,Chocolates,Monster,image0026.jpg
103,NITRO COSMIC PEACH,$2.85 ,MONSTER NITRO COSMIC PEACH 500ML*12,HOT SALE,Drinks,Monster,image0027.jpg
104,VIKING BERRY,$2.85 ,MONSTER VIKING BERRY 500ML*12,,Chocolates,Monster,image0028.jpg
105,POP TARTS FROSTED HOT FUDGE SUNDAE,$2.00 ,POP TARTS FROSTED HOT FUDGE SUNDAE 96G*6,,Candies,KELLOGG'S,image0262.jpg
106,POP TARTS CHOCO CHIP,$2.00 ,K.POP TARTS CHOCO CHIP 96G*6,HOT SALE,Candies,KELLOGG'S,image0263.jpg
107,POP TARTS CINNAMON ROLL,$2.00 ,K.POP TARTS CINNAMON ROLL 96G*6,,Snacks,KELLOGG'S,image0264.jpg
108,POP TARTS FRSTD SMORES,$2.00 ,K.POP TARTS FRSTD SMORES 96G*6,,Candies,KELLOGG'S,image0265.jpg
109,POP TARTS BROWN SUGAR,$2.00 ,K.POP TARTS BROWN SUGAR 96G*6,,Chocolates,KELLOGG'S,image0266.jpg
110,DRAGON,$2.30 ,TAKIS DRAGON 90G,,Candies,Takis,image0094.jpg
111,QUESO VOLCANO,$2.30 ,TAKIS QUESO VOLCANO 90G,,Candies,Takis,image0095.jpg
112,NACHOS,$2.30 ,TAKIS NACHOS 90G,HOT SALE,Drinks,Takis,image0096.jpg
113,BLUE HEAT,$2.30 ,TAKIS BLUE HEAT 90G,,Drinks,Takis,image0097.jpg
114,BUCKIN RANCH,$2.30 ,TAKIS BUCKIN RANCH 90G,,Candies,Takis,image0098.jpg
115,BUCKIN RANCH,$1.35 ,TAKIS BUCKIN RANCH 55G,-10% OFF,Chocolates,Takis,image0099.jpg
116,INTENSE NACHO,$1.35 ,TAKIS INTENSE NACHO 55G,,Drinks,Takis,image0100.jpg
117,VOLCANO,$1.35 ,TAKIS VOLCANO 55G,,Snacks,Takis,image0101.jpg
118,BLUE HEAT,$1.35 ,TAKIS BLUE HEAT 55G,HOT SALE,Snacks,Takis,image0102.jpg
119,FUEGO,$1.35 ,TAKIS FUEGO 55G,,Candies,Takis,image0103.jpg
120,STAX CHEDDAR CHEESE,$2.75 ,LAY'S STAX CHEDDAR CHEESE 170G,,Snacks,Lay'S,image0104.jpg
121,STAX ORIGINAL,$2.75 ,LAY'S STAX ORIGINAL 170G,,Chocolates,Lay'S,image0105.jpg
122,CEREAL GLUTEN FREE,$8.00 ,TRIX CEREAL 303G GLUTEN FREE,-10% OFF,Snacks,Trix,image0074.jpg
123,CEREAL,$6.00 ,TRIX CEREAL 300G,-10% OFF,Snacks,Trix,image0075.jpg
124,ALPHABET CHOCO CEREAL,$6.00 ,NESQUIK ALPHABET CHOCO CEREAL 325G,-10% OFF,Drinks,Nesquik,image0076.jpg
125,CHOCO CEREAL,$5.50 ,LION CHOCO CEREAL 400G,-10% OFF,Snacks,Lion,image0077.jpg
126,CHOCO CEREAL,$5.50 ,KITKAT CHOCO CEREAL 330G,-10% OFF,Candies,Kitkat,image0078.jpg
127,TUBES SUGAR FREE,$0.85 ,POLO TUBES SUGAR FREE 33.4G*32,,Chocolates,Polo,image0302.jpg
128,TUBE ORIGINAL,$0.55 ,POLO TUBE ORIGINAL 34G*48,,Drinks,Polo,image0303.jpg
129,COOL MINT POCKET*12,$3.85 ,LISTERINE COOL MINT POCKET*12,,Drinks,Listerine,image0304.jpg
130,BREAKERS CINNAMON 42G8,$2.12 ,ICE BREAKERS CINNAMON 42G8,-10% OFF,Candies,Ice,image0305.jpg
131,BREAKERS SPEARMINT 42G8,$2.12 ,ICE BREAKERS SPEARMINT 42G8,,Drinks,Ice,image0306.jpg
132,BREAKERS COOL MINT,$2.12 ,ICE BREAKERS COOL MINT 42G*8,HOT SALE,Chocolates,Ice,image0307.jpg
133,BREAKERS SOURS MIXED,$2.12 ,ICE BREAKERS SOURS MIXED 42G*8,HOT SALE,Snacks,Ice,image0308.jpg
134,BREAKERS MINTS WINTERGREEN,$2.12 ,ICE BREAKERS MINTS WINTERGREEN 42G*8,,Candies,Ice,image0309.jpg
135,BREAKERS MINTS CINNAMON,$2.12 ,ICE BREAKERS MINTS CINNAMON 42G*8,,Snacks,Ice,image0310.jpg
136,BREAKERS DUO STRAWBERRY,$2.12 ,ICE BREAKERS DUO STRAWBERRY 42G*8,HOT SALE,Chocolates,Ice,image0311.jpg
137,BTL SUGAR FREE WHITE SPEARMINT,$3.50 ,TRIDENT BTL SUGAR FREE WHITE SPEARMINT 82.6G*6,,Candies,Trident,image0312.jpg
138,BTL SUGAR FREE DENTAL CARE PEPPERMINT,$3.50 ,TRIDENT BTL SUGAR FREE DENTAL CARE PEPPERMINT 82.6G*6,,Drinks,Trident,image0313.jpg
139,60MIN PEPPERMINT SUGAR FREE*6,$3.50 ,TRIDENT 60MIN PEPPERMINT SUGAR FREE*6,HOT SALE,Drinks,Trident,image0314.jpg
140,SPEARMINT SUGAR FREE BTL*6,$3.50 ,TRIDENT SPEARMINT SUGAR FREE BTL*6,,Drinks,Trident,image0315.jpg
141,WHITE PEPPERMINT SUGAR FREE WHITENS TEETH PREVENTS STAINS,$2.50 ,TRIDENT WHITE PEPPERMINT SUGAR FREE WHITENS TEETH PREVENTS STAINS,HOT SALE,Snacks,Trident,image0316.jpg
142,SPEARMINT SUGAR FREE,$1.00 ,TRIDENT SPEARMINT SUGAR FREE,HOT SALE,Drinks,Trident,image0317.jpg
143,BUBBLE SUGAR FREE,$1.00 ,TRIDENT BUBBLE SUGAR FREE,,Snacks,Trident,image0318.jpg
144,WATERMELON TWIST SUGAR FREE,$1.00 ,TRIDENT WATERMELON TWIST SUGAR FREE,,Chocolates,Trident,image0319.jpg
145,ORIGINAL SUGAR FREE*12,$1.00 ,TRIDENT ORIGINAL SUGAR FREE*12,-10% OFF,Candies,Trident,image0320.jpg
146,TROPICAL TWIST SUGAR FREE*12,$1.00 ,TRIDENT TROPICAL TWIST SUGAR FREE*12,HOT SALE,Chocolates,Trident,image0321.jpg
147,PINEAPPLE TWIST SUGAR FREE*12,$1.00 ,TRIDENT PINEAPPLE TWIST SUGAR FREE*12,,Drinks,Trident,image0322.jpg
148,ISLAND BERRY LIME*12 SUGAR FREE,$1.00 ,TRIDENT ISLAND BERRY LIME*12 SUGAR FREE,,Chocolates,Trident,image0323.jpg
149,CINNAMON S.FREE*12,$1.00 ,TRIDENT CINNAMON SUGAR FREE*12,,Chocolates,Trident,image0324.jpg
150,STRWBERRY FRUITWAVE FLV,$1.38 ,HALLS STRWBERRY FRUITWAVE FLV 45G*20,-10% OFF,Candies,Halls,image0325.jpg
151,BLUEBERRY FLV,$0.85 ,HALLS BLUEBERRY FLV 34G*20,HOT SALE,Drinks,Halls,image0326.jpg
152,EXTRA STRONG MINT FLV,$0.85 ,HALLS EXTRA STRONG MINT FLV 34G*20,-10% OFF,Chocolates,Halls,image0327.jpg
153,XS WATERMLON SUGAR FREE,$0.99 ,NEW*HALLS XS WATERMLON SUGAR FREE,,Chocolates,Halls,image0328.jpg
154,XS MENTHOLYPTUS SUGAR FREE,$0.99 ,NEW*HALLS XS MENTHOLYPTUS SUGAR FREE,-10% OFF,Snacks,Halls,image0329.jpg
155,XS MIXED BERRY SUGAR FREE,$0.99 ,NEW*HALLS XS MIXED BERRY SUGAR FREE,,Candies,Halls,image0330.jpg
156,XS COLA CHILLI SUGAR FREE,$0.99 ,NEW*HALLS XS COLA CHILLI SUGAR FREE,,Drinks,Halls,image0331.jpg
157,XS LIME SUGAR FREE,$0.99 ,NEW*HALLS XS LIME SUGAR FREE,,Drinks,Halls,image0332.jpg
158,RELIEF COUGH & THROAT CHERRY BAG 30 DROPS,$3.90 ,HALLS RELIEF COUGH & THROAT CHERRY BAG 30 DROPS,HOT SALE,Drinks,Halls,image0333.jpg
159,HONEY LEMON BAG 30 DROPS RELIEF COUGH & THROAT,$3.90 ,HALLS HONEY LEMON BAG 30 DROPS RELIEF COUGH & THROAT,,Drinks,Halls,image0334.jpg
160,MENTHOL-LYPTUS BLUE BAG 30 DROPS RELIEF COUGH & THROAT,$3.90 ,HALLS MENTHOL-LYPTUS BLUE BAG 30 DROPS RELIEF COUGH & THROAT,,Drinks,Halls,image0335.jpg
161,GUM PURE FRESH CHEWING GUM FRESH MINT SUGAR FREE,$0.55 ,NEW*MENTOS GUM PURE FRESH CHEWING GUM FRESH MINT 15.75G SUGAR FREE,,Drinks,Mentos,image0336.jpg
162,GUM PURE FRESH CHEWING GUM SPEARMINT SUGAR FREE,$0.55 ,NEW*MENTOS GUM PURE FRESH CHEWING GUM SPEARMINT 15.75G SUGAR FREE,,Drinks,Mentos,image0337.jpg
163,GUM PURE FRESH CHEWING GUM STRAWBERY SUGAR FREE,$0.55 ,NEW*MENTOS GUM PURE FRESH CHEWING GUM STRAWBERY 15.75G SUGAR FREE,,Chocolates,Mentos,image0338.jpg
164,GUM PURE FRESH CHEWING GUM BUBBLE GUM SUGAR FREE,$0.55 ,NEW*MENTOS GUM PURE FRESH CHEWING GUM BUBBLE GUM 15.75G SUGAR FREE,,Drinks,Mentos,image0339.jpg
165,PEPPERMINT BTL SUGAR FREE*6,$1.80 ,MENTOS PEPPERMINT BTL SUGAR FREE*6,,Snacks,Mentos,image0340.jpg
166,FRESH ACTION BTL SUGAR FREE*6,$1.80 ,MENTOS FRESH ACTION BTL SUGAR FREE*6,,Snacks,Mentos,image0341.jpg
167,SPEARMINT BTL SUGAR FREE*6,$1.80 ,MENTOS SPEARMINT BTL SUGAR FREE*6,,Snacks,Mentos,image0342.jpg
168,PEPPERMINT BTL SUGAR FREE*6,$1.80 ,MENTOS PEPPERMINT BTL SUGAR FREE*6,,Candies,Mentos,image0343.jpg
169,STRAWBERRY PURE FRESH BTL SUGAR FREE*6,$1.80 ,MENTOS STRAWBERRY PURE FRESH BTL SUGAR FREE*6,HOT SALE,Snacks,Mentos,image0344.jpg
170,ORIGINAL,$1.25 ,SKITTLES ORIGINAL 27.3G,,Drinks,Skittles,image0345.jpg
171,WILD BERRY,$1.25 ,SKITTLES WILD BERRY 27.3G,,Chocolates,Skittles,image0346.jpg
172,FRUITS,$0.45 ,SKITTLES FRUITS 38G*14,,Snacks,Skittles,image0347.jpg
173,SMOOTHIE E,$0.45 ,SKITTLES SMOOTHIE 38G*14E,,Chocolates,Skittles,image0348.jpg
174,CRAZY SOUR,$0.45 ,SKITTLES CRAZY SOUR 38G*14,,Snacks,Skittles,image0349.jpg
175,TWISTS STRAWBERRY LOW FAT,$2.50 ,TWIZZLERS TWISTS STRAWBERRY 70G LOW FAT,,Candies,Twizzlers,image0350.jpg
176,CHERRY NIBS LOW FAT,$2.25 ,TWIZZLERS CHERRY NIBS 63G*36 LOW FAT,,Drinks,Twizzlers,image0351.jpg
177,BIG BABOL SPLOOSH STRAWBERRY COLA,$0.15 ,CHUPA CHUPS BIG BABOL SPLOOSH STRAWBERRY COLA,,Drinks,Chupa Chups,image0352.jpg
178,BIG BABOL WATERMELON,$0.15 ,CHUPA CHUPS BIG BABOL WATERMELON,,Drinks,Chupa Chups,image0353.jpg
179,BABOL BTL,$1.25 ,CHUPA CHUPS BABOL BTL 27.6G,,Chocolates,Chupa Chups,image0354.jpg
180,GUM BTL,$3.00 ,CHUPA CHUPS GUM BTL,,Drinks,Chupa Chups,image0355.jpg
181,BIG BABOL BUBBLE TUTTIFRUITI,$0.33 ,CHUPA CHUPS BIG BABOL BUBBLE TUTTIFRUITI 20G,,Chocolates,Chupa Chups,image0356.jpg
182,BIG BABOL STRAWBERRY,$0.33 ,CHUPA CHUPS BIG BABOL STRAWBERRY 20G,,Candies,Chupa Chups,image0357.jpg
183,CHUPS LOLIPOP,$0.15 ,CHUPA CHUPS LOLIPOP 9.3G*60,,Candies,Chupa Chups,image0358.jpg
184,CONDENSED MILK,$2.15 ,NESTLE CONDENSED MILK 370ML*12,HOT SALE,Drinks,Nestle,image0433.jpg
185,COCOA,$3.75 ,CADBURY COCOA 125G*12,-10% OFF,Candies,Cadbury,image0434.jpg
186,GOLD,$8.50 ,NESCAFE GOLD 190G,,Chocolates,Nescafe,image0435.jpg
187,COFFEE MATE ORIGINAL ZERO CHOLESTEROL,$2.75 ,COFFE MATE ORIGINAL ZERO CHOLESTEROL 400G*15,-10% OFF,Drinks,Nestle,image0436.jpg
188,COFFEE MATE FAT FREE,$3.50 ,COFFE MATE FAT FREE 453.5G*12,,Candies,Nestle,image0437.jpg
189,LIGHT,$3.00 ,LESIEUR LIGHT 250ML*12,,Snacks,Lesieur,image0438.jpg
190,SAUCE GREEN,$1.50 ,TABASCO SAUCE GREEN 60ML*12,,Drinks,Tabasco,image0439.jpg
191,SAMYANG TANGLE CREAMY MUSHROOM,$2.50 ,TANGLE SAMYANG CREAMY MUSHROOM 100G,,Chocolates,SAMYANG,image0113.jpg
192,SAMYANG TANGLE GARLIC OIL PASTA,$2.50 ,TANGLE SAMYANG GARLIC OIL PASTA 100G,,Candies,SAMYANG,image0114.jpg
193,SAMYANG TANGLE CREAMY MUSHROOM PASTA,$1.55 ,TANGLE SAMYANG CREAMY MUSHROOM PASTA 105G,,Candies,SAMYANG,image0115.jpg
194,SAMYANG TANGLE GARLIC OIL,$1.55 ,TANGLE SAMYANG GARLIC OIL 105G,,Drinks,SAMYANG,image0116.jpg
195,SAMYUNG CHICKEN RAMEN CUP*30,$1.30 ,BULDAK SAMYUNG CHICKEN RAMEN CUP*30,,Candies,SAMYANG,image0117.jpg
196,SAMYUNG HOT CHICKEN RAMEN CUP,$1.30 ,BULDAK SAMYUNG HOT CHICKEN RAMEN CUP 70G*30,,Chocolates,SAMYANG,image0118.jpg
197,ORIGINAL TTEOKBOKKI CUP,$2.99 ,BULDAK ORIGINAL TTEOKBOKKI CUP 185G,,Snacks,SAMYANG,image0119.jpg
198,CARBONARA SPICY TTEOKBOKKI CUP,$2.99 ,BULDAK CARBONARA SPICY TTEOKBOKKI CUP 185G,,Candies,SAMYANG,image0120.jpg
199,BULDAK CUP CARBONARA,$2.50 ,SAMYANG BULDAK CUP CARBONARA 120G*16,,Drinks,Samyang,image0121.jpg
200,BULDAK CUP CHEESE,$2.50 ,SAMYANG BULDAK CUP CHEESE 120G*16,,Candies,Samyang,image0122.jpg
201,BULDAK CREAM CARBONARA,$2.50 ,SAMYANG BULDAK CREAM CARBONARA 120G*16,,Candies,Samyang,image0123.jpg
202,BULDAK JJAJANG CHICKEN SPICY,$2.50 ,SAMYANG BULDAK JJAJANG CHICKEN SPICY 120G,,Drinks,Samyang,image0124.jpg
203,BULDAK SPICY RAMEN CHICKEN,$2.50 ,SAMYANG BULDAK SPICY RAMEN CHICKEN 120G*15,,Chocolates,Samyang,image0125.jpg
204,BULDAK CHICKEN FLV,$2.50 ,SAMYANG BULDAK CHICKEN FLV 105G*16,,Drinks,Samyang,image0126.jpg
205,BULDAK QUATRO CHEESE,$2.50 ,SAMYANG BULDAK QUATRO CHEESE 110G*16,,Candies,Samyang,image0127.jpg
206,BULDAK ROSE,$2.50 ,SAMYANG BULDAK ROSE 105G*16,-10% OFF,Candies,Samyang,image0128.jpg
207,RAMEN NOODLES,$1.20 ,SAMYANG RAMEN NOODLES 120G*5,,Snacks,Samyang,image0129.jpg
208,SPICY & CHEESE RAMEN,$1.20 ,BULDAK SPICY & CHEESE RAMEN 140G*5,HOT SALE,Candies,Buldak,image0130.jpg
209,HOT CHICKEN HABANERO LIME FLAVOUR RAMEN NOODLES,$1.20 ,BULDAK HOT CHICKEN HABANERO LIME FLAVOUR RAMEN NOODLES 135G*5,,Drinks,Buldak,image0131.jpg
210,JJAJANG HOT CHICKEN RAMEN,$1.20 ,BULDAK JJAJANG HOT CHICKEN RAMEN 140G*5,HOT SALE,Snacks,Buldak,image0132.jpg
211,ROSE SPICY ROMAN,$1.20 ,BULDAK ROSE SPICY ROMAN 140G*5,,Drinks,Buldak,image0133.jpg
212,4 CHEESE NOODLES,$1.20 ,BULDAK 4 CHEESE NOODLES 145G*5,,Snacks,Buldak,image0134.jpg
213,SPICY RAMEN CHICKEN,$1.20 ,BULDAK SPICY RAMEN CHICKEN 145G*5,,Drinks,Buldak,image0135.jpg
214,HOT CHICKEN ORIGINAL,$1.20 ,BULDAK HOT CHICKEN ORIGINAL 140G*5,,Drinks,Buldak,image0136.jpg
215,CARBONARA FRIED SUPER HOT SPICY NOODLES,$1.20 ,BULDAK CARBONARA FRIED SUPER HOT SPICY NOODLES 140G*5,,Drinks,Buldak,image0137.jpg
216,HOT SPICY CHICKEN STIR FRIED NOODLES,$1.20 ,BULDAK HOT SPICY CHICKEN STIR FRIED NOODLES 140G*5,,Snacks,Buldak,image0138.jpg
217,CREAM CARBONARA FRIED SUPER HOT SPICY NOODLES,$1.20 ,BULDAK CREAM CARBONARA FRIED SUPER HOT SPICY NOODLES 140G*5,,Chocolates,Buldak,image0139.jpg
218,COTE D'OR MGN NOIR,$28.00 ,COTE DOR MGN NOIR 1200G*120 PROMO,,Drinks,COTE D'OR,image0154.jpg
219,COTE D'OR MGN MILK CHOCO*12,$7.25 ,COTE DOR MGN MILK CHOCO*12,,Drinks,COTE D'OR,image0155.jpg
220,COTE D'OR MGN DARK CHOCO*12,$7.25 ,COTE DOR MGN DARK CHOCO*12,HOT SALE,Drinks,COTE D'OR,image0156.jpg
221,COTE D'OR MILK,$1.20 ,COTE D'OR MILK 47G*32,,Chocolates,COTE D'OR,image0157.jpg
222,COTE D'OR DARK WHOLE HAZ,$1.20 ,COTE D'OR DARK WHOLE HAZ 47G*32,HOT SALE,Snacks,COTE D'OR,image0158.jpg
223,COTE D'OR DARK,$1.20 ,COTE D'OR DARK 47G*32,,Drinks,COTE D'OR,image0159.jpg
224,LINDOR MILK CHOCO BAR,$1.85 ,LINDT LINDOR MILK CHOCO BAR 38G*24,,Snacks,Lindt,image0160.jpg
225,LINDOR CORNET 70% COCOA,$6.50 ,LINDOR CORNET 70% COCOA 200G*8,,Drinks,Lindt,image0161.jpg
226,LINDOR ASSORTED,$6.50 ,LINDT ASSORTED 200G,-10% OFF,Chocolates,Lindt,image0162.jpg
227,LINDOR MILK CHOCO,$6.50 ,LINDT LINDOR MILK CHOCO 200G*8,,Chocolates,Lindt,image0163.jpg
228,LINDOR 60% CACAO,$6.50 ,LINDT LINDOR 60% CACAO 200G*8,,Snacks,Lindt,image0164.jpg
229,LINDOR CORNET STRAWBERRY,$6.50 ,LINDT CORNET STRAWBERRY 200G*8,HOT SALE,Chocolates,Lindt,image0165.jpg
230,LINDOR CORNET SALTED CARAMEL,$6.50 ,LINDOR CORNET SALTED CARAMEL 200G*8,,Snacks,Lindt,image0166.jpg
231,LINDOR CORNET HAZELNUTS,$6.50 ,LINDOR CORNET HAZELNUTS 200G*8,,Candies,Lindt,image0167.jpg
232,LINDOR CORNET PISTACHIO,$6.50 ,LINDOR CORNET PISTACHIO 200G*8,,Candies,Lindt,image0168.jpg
233,EXCELLENCE 99%,$6.00 ,LINDT EXCELLENCE 99% 50G*18,,Chocolates,Lindt,image0169.jpg
234,EXCELLENCE 90%,$6.00 ,LINDT EXCELLENCE 90% 100G*20,,Snacks,Lindt,image0170.jpg
235,EXCELLENCE 85%,$6.00 ,LINDT EXCELLENCE 85% 100G*20,,Drinks,Lindt,image0171.jpg
236,EXCELLENCE 78%,$6.00 ,LINDT EXCELLENCE 78% 100G*20,-10% OFF,Drinks,Lindt,image0172.jpg
237,FITNESS BAR CHOCO BANANA,$0.55 ,NESTLE FITNESS BAR CHOCO BANANA 23.5G*16,,Chocolates,Nestle,image0182.jpg
238,FITNESS DARK PROTEIN COCOA BAR,$0.55 ,NESTLE FITNESS DARK PROTEIN COCOA BAR 20G*16,,Snacks,Nestle,image0183.jpg
239,FITNESS CAPPUCCINO BAR,$0.55 ,NESTLE FITNESS CAPPUCCINO BAR 22.5G*16,,Snacks,Nestle,image0184.jpg
240,FITNESS MILK CHOCO BAR,$0.55 ,NESTLE FITNESS MILK CHOCO BAR 22.5G*16,,Chocolates,Nestle,image0185.jpg
241,FITNESS COOKIE & CREAM BAR,$0.55 ,NESTLE FITNESS COOKIE & CREAM BAR 23.5G*16,,Drinks,Nestle,image0186.jpg
242,FITNESS STRAWBERRY BAR,$0.55 ,NESTLE FITNESS STRAWBERRY BAR 23.5G*16,,Drinks,Nestle,image0187.jpg
243,FITNESS HONEY BAR,$0.55 ,NESTLE FITNESS HONEY BAR 23.5G*16,,Drinks,Nestle,image0188.jpg
244,FITNESS WHITE CHOCO,$0.55 ,NESTLE FITNESS WHITE CHOCO 23.5G*16,,Chocolates,Nestle,image0189.jpg
245,PROTEIN BAR CHOCO PEANUT BUTTER GLUTEN FREE - PROTEIN,$3.50 ,FIT PROTEIN BAR CHOCO PEANUT BUTTER 70G*12 GLUTEN FREE -24G PROTEIN,-10% OFF,Chocolates,Fit,image0173.jpg
246,PROTEIN BROWIE GALACTIC BARS*12 GLUTEN FREE- PROTEIN,$3.50 ,PURE PROTEIN BROWIE GALACTIC BARS*12 GLUTEN FREE-20G PROTEIN,,Chocolates,Pure,image0174.jpg
247,CRUNCH PROTEIN BAR VARIETY PACK GLUTEN FREE,$3.50 ,FIT CRUNCH PROTEIN BAR VARIETY PACK 46G*18 GLUTEN FREE,,Candies,Fit,image0175.jpg
248,PROTEIN BAR APPLE PIE,$2.50 ,QUEST PROTEIN BAR APPLE PIE 60G*12 PROMO,,Candies,Quest,image0176.jpg
249,PROTEIN BAR WHITE CHOCO RASPBERRY,$2.50 ,QUEST PROTEIN BAR WHITE CHOCO RASPBERRY 60G*12,HOT SALE,Candies,Quest,image0177.jpg
250,PROTEIN BAR CHOCO BROWNIE,$2.50 ,QUEST PROTEIN BAR CHOCO BROWNIE 60G*12,,Snacks,Quest,image0178.jpg
251,PROTEIN BAR DOUBLE CHOCO CHUNK,$2.50 ,QUEST PROTEIN BAR DOUBLE CHOCO CHUNK 60G*12,,Chocolates,Quest,image0179.jpg
252,PROTEIN BAR DIPPED CHOCO CHIP COOKIE DOUGH,$2.50 ,QUEST PROTEIN BAR DIPPED CHOCO CHIP COOKIE DOUGH 60G*12,,Chocolates,Quest,image0180.jpg
253,PROTEIN BAR STRAWBERRY CHEESE CAKE,$1.75 ,BOOST PROTEIN BAR STRAWBERRY CHEESE CAKE 60G*12,,Snacks,Boost,image0181.jpg
254,MAC&CHEESE ORIGINAL,$2.50 ,KRAFT MAC&CHEESE ORIGINAL 206G*18,,Candies,Kraft,image0140.jpg
255,DELUXE ORIGINAL CHEDDAR,$4.50 ,MAC DELUXE ORIGINAL CHEDDAR 397G,,Snacks,Kraft,image0141.jpg
256,MAC & CHEESE POWER MAC PROTEIN,$4.50 ,KRAFT MAC & CHEESE POWER MAC 17G PROTEIN 206G,-10% OFF,Chocolates,Kraft,image0142.jpg
257,MAC & CHEESE FOUR CHEESE,$3.50 ,CHEETOS MAC & CHEESE FOUR CHEESE 170G,HOT SALE,Snacks,Cheetos,image0143.jpg
258,MAC & CHEESE CHEESY JALAPENO,$3.50 ,CHEETOS MAC & CHEESE CHEESY JALAPENO 164G,,Chocolates,Cheetos,image0144.jpg
259,JACK LINKS BEEF JERKY 9SNACK,$5.00 ,JACK LINKS BEEF JERKY 9SNACK PACK,,Drinks,Jack LINKS,image0145.jpg
260,JACK LINKS BEEF STEAKS,$3.50 ,JACK LINKS BEEF STEAKS 340G*15,,Candies,Jack LINKS,image0146.jpg
261,WARHEADS SOUR DILL PICKLES,$4.50 ,V.H WARHEADS SOUR DILL PICKLES 250G*12,,Drinks,VAN HOLTEN'S,image0147.jpg
262,PICKLE GARLIC,$4.50 ,V.H PICKLE GARLIC 250G*12,,Candies,VAN HOLTEN'S,image0148.jpg
263,WARHEADS EXTREME SOUR,$4.50 ,V.H WARHEADS EXTREME SOUR 250G*12,,Drinks,VAN HOLTEN'S,image0149.jpg
264,PICKLES SOUR SIS,$4.50 ,V.H PICKLES SOUR SIS 250G*12,,Drinks,VAN HOLTEN'S,image0150.jpg
265,HOT PICKLES,$4.50 ,V.H HOT PICKLES 250G*12,,Candies,VAN HOLTEN'S,image0151.jpg
266,CHOCO POPS DORA THE EXPLORER,$3.00 ,CRUNCHIZ CHOCO POPS DORA THE EXPLORER 375G*12,,Chocolates,Crunchiz,image0079.jpg
267,CHOCO POPS PAW PATROL,$3.00 ,CRUNCHIZ CHOCO POPS PAW PATROL 375G*12,,Snacks,Crunchiz,image0080.jpg
268,CHOCO POPS SPONGEBOB,$3.00 ,CRUNCHIZ CHOCO POPS SPONGEBOB 375G*12,,Chocolates,Crunchiz,image0081.jpg
269,CHOCO POPS GARFIELD,$3.00 ,CRUNCHIZ CHOCO POPS GARFIELD 375G*12,,Candies,Crunchiz,image0082.jpg
270,CHOCO POPS BARBIE,$3.00 ,CRUNCHIZ CHOCO POPS BARBIE 375G*12,,Snacks,Crunchiz,image0083.jpg
271,FRUITS LOOPS N' HOOPS SUPERMAN,$3.00 ,CRUNCHIZ FRUITS LOOPS N' HOOPS SUPERMAN 375G*12,,Snacks,Crunchiz,image0084.jpg
272,FRUITS LOOPS N' HOOPS MIRACULOUS,$3.00 ,CRUNCHIZ FRUITS LOOPS N' HOOPS MIRACULOUS 375G*12,HOT SALE,Candies,Crunchiz,image0085.jpg
273,FRUITS LOOPS N' HOOPS DORA THE EXPLORER,$3.00 ,CRUNCHIZ FRUITS LOOPS N' HOOPS DORA THE EXPLORER 375G*12,,Snacks,Crunchiz,image0086.jpg
274,FRUITS LOOPS N' HOOPS CRY BABIES,$3.00 ,CRUNCHIZ FRUITS LOOPS N' HOOPS CRY BABIES 375G*12,-10% OFF,Chocolates,Crunchiz,image0087.jpg
275,FRUITS LOOPS N' HOOPS PAW PATROL,$3.00 ,CRUNCHIZ FRUITS LOOPS N' HOOPS PAW PATROL 375G*12,-10% OFF,Candies,Crunchiz,image0088.jpg
276,CLASSIC FLAKES DORA THE EXPLORER,$3.00 ,CRUNCHIZ CLASSIC FLAKES DORA THE EXPLORER 375G*12,,Candies,Crunchiz,image0089.jpg
277,CLASSIC FLAKES SPONGEBOB,$3.00 ,CRUNCHIZ CLASSIC FLAKES SPONGEBOB 375G*12,,Candies,Crunchiz,image0090.jpg
278,CLASSIC FLAKES BABY SHARK,$3.00 ,CRUNCHIZ CLASSIC FLAKES BABY SHARK 375G*12,,Candies,Crunchiz,image0091.jpg
279,CLASSIC FLAKES GARFIELD,$3.00 ,CRUNCHIZ CLASSIC FLAKES GARFIELD 375G*12,,Chocolates,Crunchiz,image0092.jpg
280,CLASSIC FLAKES ONE PIECE,$3.00 ,CRUNCHIZ CLASSIC FLAKES ONE PIECE 375G*12,,Chocolates,Crunchiz,image0093.jpg
281,DARK CHOCO WAFER ROLLS,$0.35 ,SKIPPY DARK CHOCO WAFER ROLLS 14G*10,,Drinks,Skippy,image0267.jpg
282,CHEESE WAFER ROLLS,$0.35 ,SKIPPY CHEESE WAFER ROLLS 14G*10,HOT SALE,Drinks,Skippy,image0268.jpg
283,BISCOFF & GO STICK*8,$1.99 ,LOTUS BISCOFF & GO STICK*8 PROMO,,Drinks,Lotus,image0269.jpg
284,SURPRISE CRYSTAL EGG NICKELODEON BULK,$1.50 ,NEW*SURPRISE CRYSTAL EGG NICKELODEON BULK 16G*120,,Snacks,Surprise,image0270.jpg
285,SURPRISE DISPLAY MIRACULOUS,$1.00 ,NEW*CHIKO SURPRISE DISPLAY MIRACULOUS 20G*24,,Candies,Chiko,image0271.jpg
286,BARBIE BAG STRAWBERRY KANDIZ MIX,$0.35 ,NEW*CLOUDIZ BARBIE BAG STRAWBERRY KANDIZ MIX 25G*24,,Candies,Cloudiz,image0272.jpg
287,HELLO KITTY STRAWBERRY KANDIZ MIX,$0.35 ,NEW*CLOUDIZ HELLO KITTY STRAWBERRY KANDIZ MIX 25G*24,-10% OFF,Candies,Cloudiz,image0273.jpg
288,Dip'N GO! BLUEBERRY MILKSHAKE BARBIE,$1.25 ,NEW*DIP'N GO! BLUEBERRY MILKSHAKE BARBIE 55G*24,-10% OFF,Snacks,Dip'N GO,image0274.jpg
289,Dip'N GO! RASPBERRY MILKSHAKE HELLO KITTY AND FRIENDS,$1.25 ,NEW*DIP'N GO! RASPBERRY MILKSHAKE HELLO KITTY AND FRIENDS 55G*24,,Chocolates,Dip'N GO,image0275.jpg
290,Dip'N GO! PEANUTS ONE PIECE,$1.25 ,NEW*DIP'N GO! PEANUTS ONE PIECE 55G*24,,Snacks,Dip'N GO,image0276.jpg
291,Dip'N GO! BREADSTICK HAZELNUT CHOCOLATE POPPING ONE PIECE,$1.25 ,NEW*DIP'N GO! BREADSTICK HAZELNUT CHOCOLATE POPPING ONE PIECE 55G*24,,Chocolates,Dip'N GO,image0277.jpg
292,Dip'N GO! BREADSTICK HAZELNUT CHOCOLATE DISPLAY MIX,$1.25 ,NEW*DIP'N GO! BREADSTICK HAZELNUT CHOCOLATE DISPLAY MIX 55G*24,,Candies,Dip'N GO,image0278.jpg
293,Dip'N GO! DISPLAY POPPING CANDY,$1.25 ,NEW*DIP'N GO! DISPLAY POPPING CANDY 55G*24,,Drinks,Dip'N GO,image0279.jpg
294,Dip'N GO!BREADSTICK HAZELNUT CHOCLATE DISPLAY LADY BUG,$1.25 ,NEW*DIP'N GO!BREADSTICK HAZELNUT CHOCLATE DISPLAY LADY BUG 55G*24,,Candies,Dip'N GO,image0280.jpg
295,Dip'N GO! BREADSTICK HAZELNUT CHOCLATE DISPLAY ONE PIECE,$1.25 ,NEW*DIP'N GO! BREADSTICK HAZELNUT CHOCLATE DISPLAY ONE PIECE 55G*24,,Candies,Dip'N GO,image0281.jpg
296,YUMMY DIP STRAWBERRY HELLO KITTY,$1.25 ,NEW*YUMMY DIP STRAWBERRY HELLO KITTY 40G*24,HOT SALE,Chocolates,Yummy DIP,image0282.jpg
297,SUPERMAN BAG CHOCOLATE KANDIZ MIX,$0.35 ,NEW*CLOUDIZ SUPERMAN BAG CHOCOLATE KANDIZ MIX 25G*24,,Drinks,Cloudiz,image0283.jpg
298,BARBIE BAG CHOCOLATE KANDIZ MIX,$0.35 ,NEW*CLOUDIZ BARBIE BAG CHOCOLATE KANDIZ MIX 25G*24,,Chocolates,Cloudiz,image0284.jpg
299,KUROMI BAG CHOCOLATE KANDIZ MIX,$0.35 ,NEW*CLOUDIZ KUROMI BAG CHOCOLATE KANDIZ MIX 25G*24,,Snacks,Cloudiz,image0285.jpg
300,PAW PATROL CHOCO KANDIZ MIX,$0.35 ,NEW*CLOUDIZ PAW PATROL CHOCO KANDIZ MIX 25G*24,,Drinks,Cloudiz,image0286.jpg
301,SPONGEBOB CHOCO KANDIZ MIX,$0.35 ,NEW*CLOUDIZ SPONGEBOB CHOCO KANDIZ MIX 25G*24,,Drinks,Cloudiz,image0287.jpg
302,PAW PATROL BAG STRAWBERRY KANDIZ MIX,$0.35 ,NEW*CLOUDIZ PAW PATROL BAG STRAWBERRY KANDIZ MIX 25G*24,HOT SALE,Candies,Cloudiz,image0288.jpg
303,SPONEGEBOB BAG STRAWBERRY KANDIZ MIX,$0.35 ,NEW*CLOUDIZ SPONEGEBOB BAG STRAWBERRY KANDIZ MIX 25G*24,-10% OFF,Snacks,Cloudiz,image0289.jpg
304,DG BAG STRAWBERRY KANDIZ MIX,$0.35 ,NEW*CLOUDIZ DG BAG STRAWBERRY KANDIZ MIX 25G*24,,Chocolates,Cloudiz,image0290.jpg
305,WAFER HAZELNUT TMNT MOVIE,$0.35 ,NEW*RIVERZ WAFER HAZELNUT TMNT MOVIE 40G*24,,Candies,RIVERZ WAFER,image0291.jpg
306,WAFER VANILLA PAW PATROL,$0.35 ,NEW*RIVERZ WAFER VANILLA PAW PATROL 40G*24,,Snacks,RIVERZ WAFER,image0292.jpg
307,WAFER STRAWBERRY MIRACULOUS,$0.35 ,NEW*RIVERZ WAFER STRAWBERRY MIRACULOUS 40G*24,,Drinks,RIVERZ WAFER,image0293.jpg
308,JUICEFULS FUSION 2IN1,$1.00 ,WELCH'S JUICEFULS FUSION 2IN1 22.7G*42,,Snacks,Welch'S,image0294.jpg
309,MIXED FRUIT FRUIT SNACK GLUTEN FREE,$0.90 ,WELCH'S MIXED FRUIT FRUIT SNACK 22.7G*90 GLUTEN FREE,,Candies,Welch'S,image0295.jpg
310,MANGO PEACH SNACK GLUTEN FREE,$1.00 ,WELCH'S MANGO PEACH SNACK 22.7G*22 GLUTEN FREE,,Chocolates,Welch'S,image0296.jpg
311,ISLAND FRUITS SNACK GLUTEN FREE,$2.50 ,WELCH'S ISLAND FRUITS SNACK 64G GLUTEN FREE,,Candies,Welch'S,image0297.jpg
312,BERRIES CHERRIES SNACK GLUTEN FREE,$2.50 ,WELCH'S BERRIES CHERRIES SNACK 64G GLUTEN FREE,,Drinks,Welch'S,image0298.jpg
313,MIXED FRUITS SNACK GLUTEN FREE,$2.50 ,WELCH'S MIXED FRUITS SNACK 64G GLUTEN FREE,,Snacks,Welch'S,image0299.jpg
314,BERRIES'N CHERRIES GLUTEN FREE,$4.50 ,WELCH'S BERRIES'N CHERRIES 142G GLUTEN FREE,,Candies,Welch'S,image0300.jpg
315,LICORICE,$2.00 ,PANDA LICORICE 60G,,Snacks,Panda,image0301.jpg
316,BLOW POP ASSORTED BUBBLE GUM FILLED,$0.65 ,CHARMS BLOW POP ASSORTED BUBBLE GUM FILLED 18G*100,,Chocolates,Charms,image0359.jpg
317,AIR HEADS ASSORTED FLV*90,$0.55 ,AIR HEADS ASSORTED FLV*90,,Snacks,Air HEADS,image0360.jpg
318,GUMMY CLUSTERS BERRY PUNCH RUSH LIMITED EDITION,$5.00 ,NERDS GUMMY CLUSTERS BERRY PUNCH RUSH 141G*12 LIMITED EDITION,,Snacks,Nerds,image0361.jpg
319,GUMMY CLUSTERS CHERRY LEMONADE BLITZ LIMITED EDITION,$5.00 ,NERDS GUMMY CLUSTERS CHERRY LEMONADE BLITZ 141G*12 LIMITED EDITION,,Drinks,Nerds,image0362.jpg
320,GUMMY CLUSTERS VERY BERRY,$3.50 ,NERDS GUMMY CLUSTERS VERY BERRY 85G*12,,Snacks,Nerds,image0363.jpg
321,JUICY GUMMY CLUTSERS STRAWBERRY PUNCH,$5.00 ,NERDS JUICY GUMMY CLUTSERS STRAWBERRY PUNCH 127G,,Chocolates,Nerds,image0364.jpg
322,GUMMY CHERRY LEMON LIMITED EDITION,$3.50 ,NERDS GUMMY CHERRY LEMON 85G*12 LIMITED EDITION,-10% OFF,Drinks,Nerds,image0365.jpg
323,GUMMY BERRY MIX PUNCH RUSH LIMITED EDITION,$3.50 ,NERDS GUMMY BERRY MIX PUNCH RUSH 85G*12 LIMITED EDITION,,Snacks,Nerds,image0366.jpg
324,JUICY GUMMY CLUTSERS STRAWBERRY PUNCH,$4.00 ,NERDS JUICY GUMMY CLUTSERS STRAWBERRY PUNCH 75G,HOT SALE,Candies,Nerds,image0367.jpg
325,GRAPE & STRAWBERRY,$2.25 ,NERDS GRAPE & STRAWBERRY 141 g,HOT SALE,Chocolates,Nerds,image0368.jpg
326,RAINBOW,$2.00 ,NERDS RAINBOW 141 g,,Snacks,Nerds,image0369.jpg
327,WATERMELON & CHERRY,$1.38 ,NERDS WATERMELON & CHERRY 46G,,Candies,Nerds,image0370.jpg
328,ROPE TROPICAL*24,$2.50 ,NERDS ROPE TROPICAL*24,,Chocolates,Nerds,image0371.jpg
329,BELLY COTTON CANDY GLUTEN FREE,$2.50 ,JELLY BELLY COTTON CANDY 70G*12 GLUTEN FREE,,Candies,Jelly,image0372.jpg
330,BELLY HOT CINNAMON CANDY GLUTEN FREE,$2.50 ,JELLY BELLY HOT CINNAMON CANDY 70G*12 GLUTEN FREE,HOT SALE,Candies,Jelly,image0373.jpg
331,BELLY BARBIE CANDY GLUTEN FREE,$2.50 ,JELLY BELLY BARBIE CANDY 70G*12 GLUTEN FREE,-10% OFF,Drinks,Jelly,image0374.jpg
332,BELLY ICE CREAM MIX CANDY GLUTEN FREE,$2.50 ,JELLY BELLY ICE CREAM MIX CANDY 70G*12 GLUTEN FREE,,Snacks,Jelly,image0375.jpg
333,BELLY STRAWBERRY CHEESECAKE CANDY GLUTEN FREE,$2.50 ,JELLY BELLY STRAWBERRY CHEESECAKE CANDY 70G*12 GLUTEN FREE,-10% OFF,Snacks,Jelly,image0376.jpg
334,BELLY COCKTAIL CLASSICS CANDY GLUTEN FREE,$2.50 ,JELLY BELLY COCKTAIL CLASSICS CANDY 70G*12 GLUTEN FREE,,Candies,Jelly,image0377.jpg
335,BELLY BUTTERED POPCORN GLUTEN FREE,$2.50 ,JELLY BELLY BUTTERED POPCORN 70G*12 GLUTEN FREE,,Candies,Jelly,image0378.jpg
336,BELLY WATERMELON CANDY GLUTEN FREE,$2.50 ,JELLY BELLY WATERMELON CANDY 70G*12 GLUTEN FREE,,Snacks,Jelly,image0379.jpg
337,& MILLER WINE GUMS,$3.50 ,KENDAL & MILLER WINE GUMS 140G*12,,Chocolates,Kendal,image0380.jpg
338,LIQUORICE BLACKS,$2.50 ,FINI LIQUORICE BLACKS 150G,,Drinks,Fini,image0381.jpg
339,TORNADOES SMOOTH RASPBERRY,$2.50 ,FINI TORNADOES SMOOTH RASPBERRY 160G,,Drinks,Fini,image0382.jpg
340,TORNADOES SMOOTH STRAWBERRY,$2.50 ,FINI TORNADOES SMOOTH STRAWBERRY 160G,-10% OFF,Candies,Fini,image0383.jpg
341,CARE BEARS BEARS BLUE RASPBERRY,$3.00 ,WARHEADS CARE BEARS BEARS BLUE RASPBERRY 127G*12,,Chocolates,Warheads,image0384.jpg
342,EXTREME SOUR HARD CANDY,$2.50 ,WARHEADS EXTREME SOUR HARD CANDY,-10% OFF,Candies,Warheads,image0385.jpg
343,FISH SWEET,$3.00 ,SWEDISH FISH SWEET 100G,,Chocolates,Swedish,image0386.jpg
344,SOUR PATCH KIDS STRIPS*12 LIMITED EDITION,$5.00 ,SOUR PATCH KIDS STRIPS*12 LIMITED EDITION,,Candies,SOUR PATCH,image0387.jpg
345,SOUR PATCH KIDS BESTIES,$3.00 ,SOUR PATCH KIDS BESTIES 90G,-10% OFF,Drinks,SOUR PATCH,image0388.jpg
346,SOUR PATCH KIDS CHEWS ASSORTED*12,$3.00 ,NEW*SOUR PATCH KIDS CHEWS ASSORTED*12,,Snacks,SOUR PATCH,image0389.jpg
347,SOUR WATERMELON*24 GLUTEN FREE,$0.50 ,MIKE&IKE SOUR WATERMELON*24 GLUTEN FREE,,Chocolates,Mike&Ike,image0390.jpg
348,BLUE RASPBERRY*24 GLUTEN FREE,$0.50 ,MIKE&IKE BLUE RASPBERRY*24 GLUTEN FREE,,Drinks,Mike&Ike,image0391.jpg
349,TROPICAL*24 GLUTEN FREE,$0.50 ,MIKE&IKE TROPICAL*24 GLUTEN FREE,,Candies,Mike&Ike,image0392.jpg
350,STICK CHERRY,$0.28 ,CHUPA CHUPS STICK CHERRY 12G*150,HOT SALE,Snacks,Chupa Chups,image0393.jpg
351,STIX COLA,$0.28 ,CHUPA CHUPS STIX COLA 12G*150,,Snacks,Chupa Chups,image0394.jpg
352,HUBBA BUBBA SINGLES BUBBLE TAPE FANCY FRUIT,$1.60 ,WRIGLEYS HUBBA BUBBA SINGLES BUBBLE TAPE FANCY FRUIT 56G*12,,Candies,Wrigleys,image0395.jpg
353,HUBBA BUBBA SINGLES BUBBLE TAPE SNAPPY STRAWBER*12,$1.60 ,WRIGLEYS HUBBA BUBBA SINGLES BUBBLE TAPE SNAPPY STRAWBER*12,,Snacks,Wrigleys,image0396.jpg
354,PAW PATROL BEARS DISPLAY KANDIZ MIX,$0.75 ,GUMMIES PAW PATROL BEARS DISPLAY KANDIZ MIX 70G*12,HOT SALE,Chocolates,Gummies,image0397.jpg
355,SPONGEBOB BEARS DISPLAY KANDIZ MIX,$0.75 ,GUMMIES SPONGEBOB BEARS DISPLAY KANDIZ MIX 70G*12,-10% OFF,Candies,Gummies,image0398.jpg
356,MIRACULOUS BEARS DISPLAY KANDIZ MIX,$0.75 ,GUMMIES MIRACULOUS BEARS DISPLAY KANDIZ MIX 70G*12,,Drinks,Gummies,image0399.jpg
357,PAW PATROL COLA DISPLAY KANDIZ MIX,$0.75 ,GUMMIES PAW PATROL COLA DISPLAY KANDIZ MIX 70G*12,,Candies,Gummies,image0400.jpg
358,MIRACULOUS COLA DISPLAY KANDIZ MIX,$0.75 ,GUMMIES MIRACULOUS COLA DISPLAY KANDIZ MIX 70G*12,-10% OFF,Drinks,Gummies,image0401.jpg
359,SPONGEBOB COLA DISPLAY KANDIZ MIX,$0.75 ,GUMMIES SPONGEBOB COLA DISPLAY KANDIZ MIX 70G*12,,Snacks,Gummies,image0402.jpg
360,PAW PATROL FRUITS WORMS DISPLAY KANDIZ MIX,$0.75 ,GUMMIES PAW PATROL FRUITS WORMS DISPLAY KANDIZ MIX 70G*12,-10% OFF,Snacks,Gummies,image0403.jpg
361,WORMS MIRACULOUS DISPLAY KANDIZ MIX,$0.75 ,GUMMIES WORMS MIRACULOUS DISPLAY KANDIZ MIX 70G*12,,Candies,Gummies,image0404.jpg
362,MY MELODY STRAWBERRY DISPLAY KANDIZ MIX,$0.75 ,GUMMIES MY MELODY STRAWBERRY DISPLAY KANDIZ MIX 70G*12,,Drinks,Gummies,image0405.jpg
363,HEARTS DISPLAY BARBIE,$1.50 ,GUMMIES HEARTS DISPLAY BARBIE 140G*12,,Chocolates,Gummies,image0406.jpg
364,HELLO KITTY & FRIENDS,$0.35 ,NEW*GUMMIES HELLO KITTY & FRIENDS 27G*36,,Drinks,Gummies,image0407.jpg
365,ONE PIECE,$0.35 ,NEW*GUMMIES ONE PIECE 27G*36,,Snacks,Gummies,image0408.jpg
366,LOONEY TUNES,$0.35 ,NEW*GUMMIES LOONEY TUNES 27G*36,HOT SALE,Snacks,Gummies,image0409.jpg
367,RUSH DISPLAY KANDIZ MIX,$2.00 ,TWIST RUSH DISPLAY KANDIZ MIX 16G*12,HOT SALE,Snacks,Twist,image0410.jpg
368,FAN DISPLAY KANDIZ MIX,$3.50 ,TWINKLE FAN DISPLAY KANDIZ MIX 8G*12,,Snacks,Twinkle,image0411.jpg
369,DISPLAY NICKELODEON,$0.15 ,NEW*LOLLIBUZZ DISPLAY NICKELODEON 6G*150,,Chocolates,Lollibuzz,image0412.jpg
370,LIQUID FILLED TORNADO POPS STRAWBERRY N CREAM,$1.50 ,ZED LIQUID FILLED TORNADO POPS STRAWBERRY N CREAM,HOT SALE,Chocolates,Zed,image0413.jpg
371,LIQUID FILLED TORNADO POPS SOUR BLUE RAZZ,$1.50 ,ZED LIQUID FILLED TORNADO POPS SOUR BLUE RAZZ,,Chocolates,Zed,image0414.jpg
372,JAWBREAKER SOUR STRAWBERRY,$1.25 ,ZED JAWBREAKER SOUR STRAWBERRY 49.5G*24,,Snacks,Zed,image0415.jpg
373,JAWBREAKER FIREBALL*24,$1.25 ,ZED JAWBREAKER FIREBALL*24,,Snacks,Zed,image0416.jpg
374,JAWBREAKER SOUR CHERRY,$1.25 ,ZED JAWBREAKER SOUR CHERRY 49.5G*24,HOT SALE,Candies,Zed,image0417.jpg
375,JAWBREAKER TROPICAL,$1.25 ,ZED JAWBREAKER TROPICAL 49.5G*24,,Candies,Zed,image0418.jpg
376,JAWBREAKER ON STICK,$2.00 ,ZED JAWBREAKER ON STICK,-10% OFF,Snacks,Zed,image0419.jpg
377,ROLL UP STRAWBERRY BUBBLE GUM*24,$1.75 ,LUTTI ROLL UP STRAWBERRY BUBBLE GUM*24,,Snacks,Lutti,image0420.jpg
378,TUBBLE GUM COLOR FRAMBOISE,$2.00 ,LUTTI TUBBLE GUM COLOR FRAMBOISE 35G*36,,Snacks,Lutti,image0421.jpg
379,FRUIT MIX SINGLE REFILLS BOX GLUTEN FREE,$0.35 ,PEZ FRUIT MIX SINGLE REFILLS BOX 850G*100 GLUTEN FREE,,Chocolates,Pez,image0422.jpg
380,NARUTO*12,$3.50 ,PEZ NARUTO*12,,Snacks,Pez,image0423.jpg
381,TRICK OR TREAT*12 GLUTEN FREE,$4.00 ,PEZ TRICK OR TREAT*12 GLUTEN FREE,,Snacks,Pez,image0424.jpg
382,GUMMIE MINI BURGER*60,$0.50 ,E.FRUTTI GUMMIE MINI BURGER*60,-10% OFF,Snacks,E.Frutti,image0425.jpg
383,JELLY MINI CUP*60,$0.38 ,FRUIT JELLY MINI CUP*60,,Candies,Fruit,image0426.jpg
384,CUTE COTTON CANDY,$0.75 ,HF CUTE COTTON CANDY,,Drinks,Hf,image0427.jpg
385,MARSHMALLOW,$0.50 ,CARTOON MARSHMALLOW 12G*24,,Candies,Cartoon,image0428.jpg
386,BRACELET CANDY,$0.35 ,LOVE BRACELET CANDY,,Snacks,Love,image0429.jpg
387,CANDY BOOTS POP,$1.80 ,JOHNY CANDY BOOTS POP 10G*12,-10% OFF,Snacks,Johny,image0430.jpg
388,ORGANIC WILDFLOWER HONEY,$36.00 ,KS ORGANIC WILDFLOWER HONEY 2.27KG,-10% OFF,Candies,Ks,image0431.jpg
389,ORGANIC RAW HONEY,$15.00 ,KS ORGANIC RAW HONEY 680G,,Candies,Ks,image0432.jpg
390,GREEN TEA CAN,$2.25 ,ARIZONA GREEN TEA CAN 650ML*24,,Candies,Arizona,image0001.jpg
391,KIWI STRAWBERRY DRINK,$2.25 ,ARIZONA KIWI STRAWBERRY DRINK 650ML*24,,Candies,Arizona,image0002.jpg
392,RASPBERRY TEA,$2.25 ,ARIZONA RASPBERRY TEA 650ML*24,HOT SALE,Drinks,Arizona,image0003.jpg
393,ENERGY COSMIC VARIETY PACK S.FREE GLUTEN FREE,$3.00 ,ALANI ENERGY COSMIC VARIETY PACK S.FREE 355ML*24 GLUTEN FREE,-10% OFF,Snacks,Alani,image0029.jpg
394,KSI THE NIGHTMARE,$3.50 ,PRIME KSI THE NIGHTMARE 500ML,,Snacks,Prime,image0030.jpg
395,ENERGY DREAM POP S.FREE,$3.50 ,PRIME ENERGY DREAM POP 475ML*12 S.FREE,,Drinks,Prime,image0031.jpg
396,ENERGY DRIPSICLE S.FREE,$3.50 ,PRIME ENERGY DRIPSICLE 475ML*12 S.FREE,HOT SALE,Drinks,Prime,image0032.jpg
397,MOJITO,$1.50 ,7UP MOJITO 330ML*24,HOT SALE,Snacks,7UP,image0033.jpg
398,WILD CHERRY,$1.50 ,PEPSI WILD CHERRY 330ML*24,,Snacks,Pepsi,image0034.jpg
399,"ZERO CAFFEINE, SUGAR, & CALORIES",$2.50 ,"COCA-COLA ZERO CAFFEINE, SUGAR, & CALORIES 330ML",,Snacks,Coca-Cola,image0035.jpg
400,ORIGINAL,$1.25 ,COCA COLA ORIGINAL 330ML*24,,Candies,Coca Cola,image0036.jpg
401,CHERRY,$1.75 ,COCA COLA CHERRY 330ML*24,,Chocolates,Coca Cola,image0037.jpg
402,COA VANILLA,$1.50 ,COCA COA VANILLA 330ML*24,,Candies,Coca,image0038.jpg
403,ZERO SUGAR,$1.50 ,DR PEPPER ZERO SUGAR 355ML*24,,Chocolates,Dr Pepper,image0039.jpg
404,VANILLA FLORT,$2.00 ,DR PEPPER VANILLA FLORT 355ML*24,-10% OFF,Candies,Dr Pepper,image0040.jpg
405,STRAWBERRY & CREAM,$2.00 ,DR PEPPER STRAWBERRY & CREAM 355ML*24,,Candies,Dr Pepper,image0041.jpg
406,EXOTIC,$2.00 ,FANTA EXOTIC 330ML*24,,Chocolates,Fanta,image0042.jpg
407,ORANGE,$1.30 ,FANTA ORANGE 330ML*24,,Candies,Fanta,image0043.jpg
408,LEMON,$1.50 ,FANTA LEMON 330ML*24,,Drinks,Fanta,image0044.jpg
409,FRUIT TWIST,$1.25 ,FANTA FRUIT TWIST 330ML*24,,Snacks,Fanta,image0045.jpg
410,STRAWBERRY &KIWI,$1.50 ,FANTA STRAWBERRY &KIWI 330ML*24,,Candies,Fanta,image0046.jpg
411,CITRUS MIX,$1.50 ,SCHWEPPES CITRUS MIX 330ML*24,,Snacks,Schweppes,image0047.jpg
412,SPARKLING WATER CAN VARIETY PACK*24 ZERO CALORIE,$1.50 ,KS SPARKLING WATER CAN 355ML VARIETY PACK*24 ZERO CALORIE,,Candies,Ks,image0048.jpg
413,FREEZE & SQUEEZE SLUSH STRAWBERRY,$3.50 ,CHUPA CHUPS FREEZE & SQUEEZE SLUSH STRAWBERRY 250ML*12,,Chocolates,Chupa Chups,image0049.jpg
414,SAINT JAMES ORGANIC GREEN TEA V.P,$3.50 ,SAINT JAMES ORGANIC GREEN TEA V.P 500ML*14,,Candies,Saint JAMES,image0050.jpg
415,BODY ARMOR LYTE SPORT DRINK,$3.00 ,BODY ARMOR LYTE SPORT DRINK 591ML*18,,Snacks,Body ARMOR,image0051.jpg
416,PROTEIN VANILLA SHAKE ( PROTEIN ),$4.50 ,PREMIER PROTEIN VANILLA SHAKE 325ML*15 (30G PROTEIN ),,Snacks,Premier,image0052.jpg
417,PROTEIN COOKIE DOUGH SHAKE ( PROTEIN),$4.50 ,PREMIER PROTEIN COOKIE DOUGH SHAKE 325ML*18 (30G PROTEIN),,Drinks,Premier,image0053.jpg
418,PROTEIN CHOCO SHAKE ( PROTEIN),$4.50 ,PREMIER PROTEIN CHOCO SHAKE 325ML*18 (30G PROTEIN),HOT SALE,Drinks,Premier,image0054.jpg
419,PROTEIN SHAKE PB ( PROTEIN),$4.50 ,PREMIER PROTEIN SHAKE PB 325ML*18 ( 30G PROTEIN),HOT SALE,Drinks,Premier,image0055.jpg
420,CHOCO MILK SHAKE,$3.00 ,MILKA CHOCO MILK SHAKE 250ML,,Candies,Milka,image0056.jpg
421,CHOCO NOISETTE MILK SHAKE,$3.00 ,MILKA CHOCO NOISETTE MILK SHAKE 250ML,,Snacks,Milka,image0057.jpg
422,GOLD BLACK,$1.75 ,NESCAFE GOLD BLACK 240ML,,Candies,Nescafe,image0058.jpg
423,GOLD LATTE240ML,$1.75 ,NESCAFE GOLD LATTE240ML,,Candies,Nescafe,image0059.jpg
424,LATTE,$0.99 ,NESCAFE LATTE 240ML,,Drinks,Nescafe,image0060.jpg
425,ORIGINAL,$0.99 ,NESCAFE ORIGINAL 240ML,,Drinks,Nescafe,image0061.jpg
426,KOPITIAM COFFEE,$0.99 ,NESCAFE KOPITIAM COFFEE 240G,,Drinks,Nescafe,image0062.jpg
427,KOPITIAM MILK COFFE,$0.99 ,NESCAFE KOPITIAM MILK COFFE 240G,,Snacks,Nescafe,image0063.jpg
428,KOPITIAM HAZELNUT,$0.99 ,NESCAFE KOPITIAM HAZELNUT 240G,,Drinks,Nescafe,image0064.jpg
429,SPARKLING LEMON CUCUMBER,$3.00 ,VOSS SPARKLING LEMON CUCUMBER 375ML*12,,Candies,Voss,image0065.jpg
430,MAISON PERRIER LEMON ZERO SUGAR,$0.99 ,MAISON PERRIER LEMON ZERO SUGAR 250ML,,Snacks,Perrier,image0066.jpg
431,MAISON PERRIER GINGER LIME,$0.99 ,MAISON PERRIER GINGER LIME 250ML,,Snacks,Perrier,image0067.jpg
432,CAN,$0.99 ,PERRIER CAN 3330ML*24,-10% OFF,Candies,Perrier,image0068.jpg
433,GLASS,$1.38 ,PERRIER GLASS 330ML*24,,Drinks,Perrier,image0069.jpg
434,GLASS,$1.29 ,PERRIER GLASS 200ML*24,,Snacks,Perrier,image0070.jpg
435,"COCO BTL COCONUT BEVERAGE BANANA LACTOSE FREE , SOY FREE, GLUTEN FREE",$3.50 ,"NEW*THAI COCO BTL COCONUT BEVERAGE BANANA 280ML LACTOSE FREE , SOY FREE, GLUTEN FREE",HOT SALE,Drinks,New*Thai,image0071.jpg
436,COCO SLIM CANNED COCONUT WATER WITH PULP,$3.00 ,THAI COCO SLIM CANNED COCONUT WATER WITH PULP 245ML*24,,Snacks,Thai,image0072.jpg
437,COCONUT JUICE WITH PULP,$3.50 ,FOCO COCONUT JUICE WITH PULP 350ML*24,,Drinks,Foco,image0073.jpg
438,BOX,$12.00 ,RAFFAELLO BOX 240G,-10% OFF,Drinks,Raffaello,image0152.jpg
439,CHOCO SELECTION,$7.50 ,MERCI CHOCO SELECTION 250G*10,,Chocolates,Merci,image0153.jpg
440,,,,,Drinks,,
441,,,,,Candies,,
442,,,,,Snacks,,
443,,,,,Drinks,,
444,,,,,Snacks,,
445,,,,,Candies,,
446,,,,,Snacks,,
447,,,,,Drinks,,
448,,,,,Chocolates,,
449,,,,,Chocolates,,
450,,,,,Drinks,,
451,,,,,Snacks,,
452,,,,,Chocolates,,
453,,,,,Snacks,,
454,,,,,Chocolates,,
455,,,,,Chocolates,,
456,,,,,Chocolates,,
457,,,,,Candies,,
458,,,,,Candies,,
459,,,,,Candies,,
460,,,,-10% OFF,Chocolates,,
461,,,,,Drinks,,
462,,,,HOT SALE,Chocolates,,
463,,,,,Chocolates,,
464,,,,-10% OFF,Candies,,
465,,,,HOT SALE,Snacks,,
466,,,,,Snacks,,
467,,,,,Snacks,,
468,,,,,Candies,,
469,,,,,Drinks,,
470,,,,,Drinks,,
471,,,,,Drinks,,
472,,,,,Snacks,,
473,,,,,Chocolates,,
474,,,,,Candies,,
475,,,,,Candies,,
476,,,,,Drinks,,
477,,,,HOT SALE,Drinks,,
478,,,,,Snacks,,
479,,,,,Drinks,,
480,,,,,Chocolates,,
481,,,,HOT SALE,Snacks,,
482,,,,,Snacks,,
483,,,,,Snacks,,
484,,,,-10% OFF,Drinks,,
485,,,,,Snacks,,
486,,,,,Snacks,,
487,,,,,Chocolates,,
488,,,,,Drinks,,
489,,,,,Drinks,,
490,,,,,Candies,,
491,,,,-10% OFF,Drinks,,
492,,,,,Snacks,,
493,,,,,Drinks,,
494,,,,,Candies,,
495,,,,,Candies,,
496,,,,,Drinks,,
497,,,,,Candies,,
498,,,,,Candies,,
499,,,,,Drinks,,
500,,,,,Chocolates,,
